Journal,ISSN
Review of Financial Studies The,0893-9454
Journal of Management Studies,1467-6486
Environment: Science and Policy for Sustainable Development,0013-9157
Journal of Sustainable Finance & Investment,2043-0795
International Journal of Environmental Sustainability The,2325-1077
Journal of Marketing,1547-7185
Journal of Business Ethics,1573-0697
Gender in Management,1754-2421
Natural Resources Forum,1477-8947
Environment Development and Sustainability,1387-585X
Globalization and Health,1744-8603
Smart and Sustainable Built Environment,2046-6102
International Journal of Sustainable Development and World Ecology,1745-2627
International Journal of Sustainability Policy and Practice The,2325-1182
International Journal of Environment & Sustainable Development,1474-6778
Agronomy for Sustainable Development,1774-0746
International Journal of Water Resources Development,1360-0648
International Journal of Agricultural Sustainability,1747-762X
Current Opinion in Environmental Sustainability,1877-3435
Sustainability Science,1862-4065
Journal of Hunger & Environmental Nutrition,1932-0256
Sustainable Development,0968-0802
Food Policy,1873-5657
Hydrology and Earth System Sciences,1027-5606
Journal of Renewable Energy,2314-4386
Sustainability: Science Practice & Policy,1548-7733
Journal of Sustainable Tourism,0966-9582
World Journal of Entrepreneurship Management and Sustainable Development,2042-5961
International Journal of Sustainable Energy,1478-6451
Natural Resources Journal,0028-0739
Nature Sustainability,2398-9629
Sustainability Accounting Management and Policy Journal,2040-8021
International Journal of Social Sustainability in Economic Social and Cultural Context The,2325-1115
Agroecology and Sustainable Food Systems,2168-3565
Landscape and Urban Planning,0169-2046
Sustainable Cities and Society,2210-6707
Business Strategy and the Environment,0964-4733
Journal of Agricultural and Environmental Ethics,1187-7863
Environmental Progress & Sustainable Energy,1944-7442
International Food & Agribusiness Management Review,1559-2448
Journal of Environmental Law,0952-8873
Organization & Environment,1086-0266
Process Safety and Environmental Protection,0957-5820
Ethics Policy & Environment,2155-0085
Corporate Governance: The International Journal of Business Society,1472-0701
Journal of Strategic Innovation and Sustainability,1718-2077
Business & Society,0007-6503
Law & Policy,0265-8240
Environmental Ethics,0163-4275
Information Systems Research,2153-7895
Manufacturing & Service Operations Management,1523-4614
Journal of International Business Studies,0047-2506
Strategic Entrepreneurship Journal,1932-4391
Journal of Applied Psychology,0021-9010
Review of Economic Studies The,0034-6527
Organization Science,1047-7039
Journal of Management,0149-2063
Human Resource Management,0090-4848
Journal of Business Venturing,0883-9026
Journal of Political Economy,0022-3808
American Economic Review,0022-3808
Entrepreneurship Theory and Practice,1540-6520
Academy of Management Journal,0001-4273
Accounting Organizations and Society,1873-6289
Journal of Operations Management,0272-6963
Production and Operations Management,1059-1478
Journal of Management Information Systems,1557-928X
Organization Studies,1741-3044
Journal of Consumer Research,0093-5301
Strategic Management Journal,1097-0266
Harvard Business Review,0017-8012
Journal of the Academy of Marketing Science,1552-7824
Journal of Consumer Psychology,1532-7663
Econometrica,1468-0262
Journal of Marketing Research,0022-2437
Management Science,1526-5501
Organizational Behavior and Human Decision Processes,0749-5978
Journal of Finance,1540-6261
Academy of Management Review,1930-3807
The Journal of Financial Economics,0304-405X
Contemporary Accounting Research,0823-9150
Review of Accounting Studies,1380-6653
Marketing Science,1526-548X
Journal of Financial & Quantitative Analysis,1756-6916
Accounting Review The,1558-7967
Journal of Accounting and Economics,1879-1980
Operations Research,1526-5463
Journal of Accounting Research,0021-8456
Administrative Science Quarterly,1930-3815
Review of Finance,1875-824X
Human Relations,1741-282X
Management Information Systems Quarterly,2162-9730
Quarterly Journal of Economics,0033-5533
Research Policy,0048-7333
Carbon Balance and Management,1750-0680
European Journal of Innovation Management,1758-7115
The International Journal of Social Sustainability in Economic Social and Cultural Context,2325-1115
Annals In Social Responsibility,2056-3515
Society and Business Review,1746-5680
Social Responsibility Journal,1747-1117
